date,repository,stars,forks,watchers,open_issues,language,views,unique_views,clones,unique_clones
2026-08-01,PG-APP-Core,1,0,0,0,Python,0,0,0,0
2026-08-01,PG-Airflow-DAGs,1,0,0,0,Python,0,0,1,1
2026-08-01,PG-Analytics,1,0,0,0,Python,1,1,3,3
2026-08-01,PG-Core,1,0,0,0,,5,1,0,0
2026-08-01,PG-Cortex,1,0,0,0,,0,0,1,1
2026-08-01,PG-Edge-Container,1,0,0,0,Makefile,0,0,0,0
2026-08-01,PG-Infrastructure,1,0,0,0,Makefile,1,1,0,0
2026-08-01,PG-Sentinel,1,0,0,0,,0,0,0,0
2026-08-01,PG-Shared-Lib,1,0,0,0,Python,0,0,0,0
2026-08-01,PG-Synapse,1,0,0,0,,0,0,0,0
2026-08-01,Platform-Genesis,3,0,0,0,Makefile,13,3,28,7
2026-08-02,PG-APP-Core,1,0,0,0,Python,0,0,1,1
2026-08-02,PG-Airflow-DAGs,1,0,0,0,Python,0,0,1,1
2026-08-02,PG-Analytics,1,0,0,0,Python,0,0,2,2
2026-08-02,PG-Core,1,0,0,0,,1,1,1,1
2026-08-02,PG-Cortex,1,0,0,0,,0,0,2,2
2026-08-02,PG-Edge-Container,1,0,0,0,Makefile,0,0,1,1
2026-08-02,PG-Infrastructure,1,0,0,0,Makefile,0,0,1,1
2026-08-02,PG-Sentinel,1,0,0,0,,0,0,0,0
2026-08-02,PG-Shared-Lib,1,0,0,0,Python,0,0,1,1
2026-08-02,PG-Synapse,1,0,0,0,,0,0,1,1
2026-08-02,Platform-Genesis,3,0,0,0,Makefile,5,3,0,0
2026-08-03,PG-APP-Core,1,0,0,0,Python,0,0,0,0
2026-08-03,PG-Airflow-DAGs,1,0,0,0,Python,0,0,0,0
2026-08-03,PG-Analytics,1,0,0,0,Python,0,0,2,2
2026-08-03,PG-Core,1,0,0,0,,4,2,0,0
2026-08-03,PG-Cortex,1,0,0,0,,0,0,0,0
2026-08-03,PG-Edge-Container,1,0,0,0,Makefile,0,0,0,0
2026-08-03,PG-Infrastructure,1,0,0,0,Makefile,12,1,0,0
2026-08-03,PG-Sentinel,1,0,0,0,,0,0,0,0
2026-08-03,PG-Shared-Lib,1,0,0,0,Python,0,0,1,1
2026-08-03,PG-Synapse,1,0,0,0,,0,0,0,0
2026-08-03,Platform-Genesis,3,0,0,0,Makefile,4,3,12,3
